CREATE DATABASE  IF NOT EXISTS `deadnotes_two` /*!40100 DEFAULT CHARACTER SET utf8 */;
USE `deadnotes_two`;
-- MySQL dump 10.13  Distrib 8.0.13, for Win64 (x86_64)
--
-- Host: localhost    Database: deadnotes_two
-- ------------------------------------------------------
-- Server version	8.0.13

/*!40101 SET @OLD_CHARACTER_SET_CLIENT=@@CHARACTER_SET_CLIENT */;
/*!40101 SET @OLD_CHARACTER_SET_RESULTS=@@CHARACTER_SET_RESULTS */;
/*!40101 SET @OLD_COLLATION_CONNECTION=@@COLLATION_CONNECTION */;
 SET NAMES utf8 ;
/*!40103 SET @OLD_TIME_ZONE=@@TIME_ZONE */;
/*!40103 SET TIME_ZONE='+00:00' */;
/*!40014 SET @OLD_UNIQUE_CHECKS=@@UNIQUE_CHECKS, UNIQUE_CHECKS=0 */;
/*!40014 SET @OLD_FOREIGN_KEY_CHECKS=@@FOREIGN_KEY_CHECKS, FOREIGN_KEY_CHECKS=0 */;
/*!40101 SET @OLD_SQL_MODE=@@SQL_MODE, SQL_MODE='NO_AUTO_VALUE_ON_ZERO' */;
/*!40111 SET @OLD_SQL_NOTES=@@SQL_NOTES, SQL_NOTES=0 */;

--
-- Table structure for table `active`
--

DROP TABLE IF EXISTS `active`;
/*!40101 SET @saved_cs_client     = @@character_set_client */;
 SET character_set_client = utf8mb4 ;
CREATE TABLE `active` (
  `id_active` int(11) NOT NULL AUTO_INCREMENT,
  `sid` varchar(60) NOT NULL,
  PRIMARY KEY (`id_active`)
) ENGINE=InnoDB DEFAULT CHARSET=utf8;
/*!40101 SET character_set_client = @saved_cs_client */;

--
-- Dumping data for table `active`
--

LOCK TABLES `active` WRITE;
/*!40000 ALTER TABLE `active` DISABLE KEYS */;
/*!40000 ALTER TABLE `active` ENABLE KEYS */;
UNLOCK TABLES;

--
-- Table structure for table `app_roles`
--

DROP TABLE IF EXISTS `app_roles`;
/*!40101 SET @saved_cs_client     = @@character_set_client */;
 SET character_set_client = utf8mb4 ;
CREATE TABLE `app_roles` (
  `id_app_role` int(11) NOT NULL AUTO_INCREMENT,
  `app_role` varchar(45) NOT NULL,
  PRIMARY KEY (`id_app_role`)
) ENGINE=InnoDB AUTO_INCREMENT=4 DEFAULT CHARSET=utf8;
/*!40101 SET character_set_client = @saved_cs_client */;

--
-- Dumping data for table `app_roles`
--

LOCK TABLES `app_roles` WRITE;
/*!40000 ALTER TABLE `app_roles` DISABLE KEYS */;
INSERT INTO `app_roles` VALUES (1,'user'),(2,'admin');
/*!40000 ALTER TABLE `app_roles` ENABLE KEYS */;
UNLOCK TABLES;

--
-- Table structure for table `group_roles`
--

DROP TABLE IF EXISTS `group_roles`;
/*!40101 SET @saved_cs_client     = @@character_set_client */;
 SET character_set_client = utf8mb4 ;
CREATE TABLE `group_roles` (
  `id_role` int(11) NOT NULL AUTO_INCREMENT,
  `role` varchar(45) NOT NULL,
  PRIMARY KEY (`id_role`)
) ENGINE=InnoDB AUTO_INCREMENT=4 DEFAULT CHARSET=utf8;
/*!40101 SET character_set_client = @saved_cs_client */;

--
-- Dumping data for table `group_roles`
--

LOCK TABLES `group_roles` WRITE;
/*!40000 ALTER TABLE `group_roles` DISABLE KEYS */;
INSERT INTO `group_roles` VALUES (1,'member'),(2,'admin');
/*!40000 ALTER TABLE `group_roles` ENABLE KEYS */;
UNLOCK TABLES;

--
-- Table structure for table `groupn`
--

DROP TABLE IF EXISTS `groupn`;
/*!40101 SET @saved_cs_client     = @@character_set_client */;
 SET character_set_client = utf8mb4 ;
CREATE TABLE `groupn` (
  `id_group` int(11) NOT NULL AUTO_INCREMENT,
  `groupname` varchar(45) NOT NULL,
  `id_creator` int(11) NOT NULL,
  PRIMARY KEY (`id_group`),
  UNIQUE KEY `unique_group_creator` (`id_group`,`id_creator`),
  KEY `fk_user_creator_idx` (`id_creator`),
  CONSTRAINT `fk_user_creator` FOREIGN KEY (`id_creator`) REFERENCES `user` (`id_user`) ON DELETE CASCADE ON UPDATE CASCADE
) ENGINE=InnoDB AUTO_INCREMENT=425 DEFAULT CHARSET=utf8;
/*!40101 SET character_set_client = @saved_cs_client */;

--
-- Dumping data for table `groupn`
--

LOCK TABLES `groupn` WRITE;
/*!40000 ALTER TABLE `groupn` DISABLE KEYS */;
INSERT INTO `groupn` VALUES (1,'99 Cents Only Store',3),(2,'A Dog\'s Life Photography',2),(3,'A Touch of European Cafe',3),(4,'Ace Hardware',3),(5,'Ajo Al\'s Mexican Cafe',3),(6,'AJ\'s Fine Food - DC Ranch',3),(7,'Alameda Dental Care',3),(8,'Alaskan Pride Seafood',3),(9,'Aloha Nails & Spa',3),(10,'AMC Arrowhead 14',3),(11,'American Apparel',3),(12,'American Junkie',3),(13,'AMF McRay Plaza Lanes',3),(14,'AMF Mesa Lanes',3),(15,'Andy\'s Collision Center',3),(16,'Anna\'s Linens',3),(17,'Arby\'s',3),(18,'Arcadia Window & Door',3),(19,'Arizona Coffee Connection',3),(20,'Arizona Hair Company',1),(21,'Arizona Sandwich Company',3),(22,'Ashoka Indian Groceries',3),(23,'Asian Island',3),(24,'Atomic Comics',3),(25,'Azucar Cuban Restaurant',3),(26,'B&G Caf?',3),(27,'Back East Bagels',3),(28,'Banana Republic',3),(29,'Banfield Pet Hospital',3),(30,'Bank of America',3),(31,'Bashas\'',3),(32,'Baskin-Robbins',3),(33,'Bell Drapery and Cleaners',3),(34,'Best Home Appliances',3),(35,'Big 5 Sporting Goods',3),(36,'Big Lots',3),(37,'Bike Doctor',3),(38,'Bikram Yoga Peoria',3),(39,'Bite Cafe & Bakery',3),(40,'Black Angus Steakhouse',3),(41,'Black Bear Diner',3),(42,'Blackstone Country Club',3),(43,'Blue 32 Sports Grill',3),(44,'Bol Italia',3),(45,'Bolin Memorial Park',3),(46,'Bonfire Grill and Bar',3),(47,'Borders',3),(48,'Born To Run',3),(49,'Boulders On Broadway',3),(50,'Bourbon Street Grill',3),(51,'Bowl Of Heaven',3),(52,'Brake Masters',3),(53,'Breakfast Club',3),(54,'Brooksie\'s Propane',3),(55,'Brothers Plumbing LLC',3),(56,'Brown Eyed Girlz Boutique',3),(57,'Brunswick Via Linda Lanes',3),(58,'Burger King',3),(59,'Cafe Zupas',3),(60,'Canal Restaurant',3),(61,'Candy Addict',3),(62,'Carl\'s Jr',3),(63,'Carpet World',3),(64,'Cartridge World',3),(65,'Celebrity Tanning',3),(66,'Central Phoenix OB/Gyn',3),(67,'Charley\'s Steakery',3),(68,'Chase Field',3),(69,'Chicago Gyros',3),(70,'Chick-Fil-A',3),(71,'Chik A Ribs',3),(72,'Chili\'s Too',3),(73,'China Chili',3),(74,'China Super Buffet',3),(75,'Chipotle',3),(76,'Chipotle Mexican Grill',3),(77,'Chuck E Cheese\'s Pizza',3),(78,'Circle K Stores',3),(79,'CityScape',3),(80,'Cloud Nine Labs',3),(81,'Club Tanning',3),(82,'Coco\'s Family Restaurant',3),(83,'Coffee Plantation',3),(84,'Coldstone Creamery',3),(85,'Comfort Suites',3),(86,'Cool Cuts 4 Kids',3),(87,'Copper Door Bar',3),(88,'Copper Kettle',3),(89,'Corporate Office Centers',3),(90,'Cost Plus World Market',3),(91,'Costco',3),(92,'Courtyard by Marriott',3),(93,'Crazy Jim\'s Restaurant',3),(94,'Cricket Wireless Pavilion',3),(95,'Cup O\'Karma',3),(96,'Cvs Pharmacy',3),(97,'Dagwoods',3),(98,'Dairiki Tami, MD',3),(99,'D\'ambrosio\'s Hair Design',3),(100,'Darling Nails',1),(101,'Dave & Buster\'s',3),(102,'Deluxe Dry Cleaners',3),(103,'Denny\'s Restaurant',3),(104,'Der Kaffee Kuchen',3),(105,'Devil\'s Diner',3),(106,'Devoured Culinary Classic',3),(107,'Ding Doctor AZ',3),(108,'Dinkey Donkey',3),(109,'Discount Beverage Outlet',3),(110,'Discount Tire',3),(111,'D\'lish',3),(112,'Doggie Door',3),(113,'Downtown Phoenix Dental',3),(114,'Drip Coffee Lounge',3),(115,'Dunkin Donuts',3),(116,'Eest Asian Bistro',3),(117,'El Dorado Bar and Grill',3),(118,'El Metate Mexican Food',3),(119,'El Portal Restaurant',3),(120,'El Salsita',3),(121,'El Yaqui Restaurant',3),(122,'Estrella Taxi',3),(123,'Euro Bakery',3),(124,'Eyeglass World',3),(125,'Fantastic Sams',3),(126,'Fat Tuesday',3),(127,'Filiberto\'s Mexican Food',3),(128,'Fire + Spice',3),(129,'Firehouse Subs',3),(130,'First Watch',3),(131,'Flora Bella',3),(132,'Forever 21',3),(133,'Fresh Wasabi',3),(134,'Fry\'s & Fry\'s Marketplace',3),(135,'Fry\'s Marketplace',3),(136,'Fuddruckers',3),(137,'Fudge Works',3),(138,'Gallo Blanco Cafe',3),(139,'Gemsetter & Company',3),(140,'Gilbert Pediatrics',3),(141,'Golfland Sunsplash',3),(142,'Grapeables Fine Wines',3),(143,'Great Clips For Hair',3),(144,'Great Wall Cuisine',3),(145,'Great Wall Restaurant',3),(146,'Gucci',3),(147,'Guerrero\'s',3),(148,'Guns Plus',3),(149,'Hacienda Restaurant',3),(150,'Hampton Inn',3),(151,'Hardtailz',3),(152,'Harkins North Valley 16',3),(153,'Healthy Chinese Herbs',3),(154,'Heng Hong Custom Tailor',3),(155,'Hon-Amotive',3),(156,'HoneyBaked Ham',3),(157,'Hong Kong Asian Diner',3),(158,'Hong Kong Gourmet Buffet',3),(159,'Hoookah Mania',3),(160,'Hot Dog Guy',3),(161,'Hottie World',3),(162,'Ideal Image',3),(163,'IHOP',3),(164,'Impact Printing Services',3),(165,'In-N-Out Burger',3),(166,'It\'s a Grind',3),(167,'It\'s A Grind Coffee House',3),(168,'Jack in the Box',3),(169,'Jackrabbit Nursery',3),(170,'Jamba Juice',3),(171,'James Miller, DMD',3),(172,'Jay Pages Jiu-Jitsu & MMA',3),(173,'Jimmy John\'s',3),(174,'JJ\'s Sports Cantina',3),(175,'Joe\'s Crab Shack',3),(176,'Jordre Studio',3),(177,'Juba',3),(178,'Jug \'n Barrel Wine Shop',3),(179,'Just Smiles',3),(180,'Kachina Dry Cleaners',3),(181,'Kampai',3),(182,'Karamba Nightclub',3),(183,'Keegan\'s Grill & Taproom',3),(184,'Kfc',3),(185,'Knockout Fitness',3),(186,'Kohl\'s Department Stores',3),(187,'Kokopelli Mexican Grill',3),(188,'Kona Grill',3),(189,'KW Plumbing',3),(190,'Kyoto Bowl',3),(191,'La Femme Salon',3),(192,'LA Fitness',3),(193,'La Salcita',3),(194,'Lakin Douglas MD',3),(195,'Lalibela Ethiopian Cafe',3),(196,'Liberty Nails',3),(197,'Little Peking',3),(198,'Longhorn Steakhouse Mesa',3),(199,'Lonnie\'s Inc',3),(200,'Los Betos Mexican Food',3),(201,'Los Jarritos Restaurant',3),(202,'Los Reyes de la Torta',3),(203,'Losbetos Mexican Food',3),(204,'Lost Dog Wash Trail',3),(205,'Lunch Box',3),(206,'Lunch Time Cafe',3),(207,'M B Motors',3),(208,'Mac Matters',3),(209,'Malibu Tanning Club',3),(210,'Marie Callender\'s',3),(211,'Mario\'s Hair Company',3),(212,'Marshalls',3),(213,'McDonald\'s',3),(214,'McDonald\'s Restaurants',3),(215,'McGrath\'s Fish House',3),(216,'Men\'s Wearhouse   ',3),(217,'Metroflex Gym',3),(218,'Mi Amigo\'s Mexican Grill',3),(219,'Michael V Salon',3),(220,'Michaels Arts & Crafts',3),(221,'Midas Auto Service',3),(222,'Mimis Cafe',3),(223,'Mimi\'s Cafe',3),(224,'Moe\'s Southwest Grill',3),(225,'Mojo Yogurt',3),(226,'Mooster\'s Mootique',3),(227,'Movin\' 97.5 - KMVA FM',3),(228,'My Big Fat Greek Express',3),(229,'Nail Spa at Lincoln View',3),(230,'Nancy\'s Nail Salon',3),(231,'Neiman Marcus Last Call',3),(232,'New Wok Chinese Food',3),(233,'NextCare Urgent Care',3),(234,'nextDOOR',3),(235,'Nino\'s Pizzeria 2',3),(236,'North Central Sports Bar',3),(237,'Nutrition 101',3),(238,'Oakville Grocery',3),(239,'Oasis Bagels',3),(240,'Ocotillo Golf Resort',3),(241,'Old Dixie\'s',3),(242,'Old Spaghetti Factory',3),(243,'Olive Gourmet',3),(244,'Ono Hawaiian BBQ',3),(245,'Open Range Deli and BBQ',3),(246,'Orange Leaf Frozen Yogurt',3),(247,'Outback Steakhouse',3),(248,'Over Coffee',3),(249,'Pacific\'s Cafe',3),(250,'Palee\'s Crown',3),(251,'Palo Verde Bike Shop',3),(252,'Panchero\'s Mexican Grill',3),(253,'Panda Express',3),(254,'Pane Bianco',3),(255,'Papa John\'s Pizza',3),(256,'Paradise Bakery & Cafe',3),(257,'Pavillion Barber Shop',3),(258,'Peter Piper Pizza',3),(259,'Pete\'s Fish & Chips',3),(260,'PetSmart',3),(261,'Petsmart Petshotel',3),(262,'Phoenix BBQ & Deli',3),(263,'Phoenix Zoo',3),(264,'Pita Jungle',3),(265,'Pizza Patron',3),(266,'Port of Subs',3),(267,'Premier Care for Women',3),(268,'Premier Inn',3),(269,'Prestige Animal Clinic',3),(270,'Pro\'s Ranch Market',3),(271,'Pugzie\'s',3),(272,'Pure Fitness',3),(273,'Q to U BBQ',3),(274,'Queen Nails & Spa',3),(275,'Quiessence Restaurant',3),(276,'Quiktrip',3),(277,'Quilted Bear',3),(278,'Rachel\'s Bake Shop',3),(279,'Red Bird Cafe',3),(280,'Red Robin Gourmet Burgers',3),(281,'Refined Nail & Spa',3),(282,'Regency Cleaners',3),(283,'Regency Garden',3),(284,'Renaissance Plumbing, LLC',3),(285,'Republic of Couture ROC',3),(286,'Rice Garden',3),(287,'Ride The Dougie',3),(288,'Royal Palace Jewelry',3),(289,'Rx Formulations',3),(290,'Sabaidee Thai Cuisine',3),(291,'Saguaro Lake',3),(292,'Sakana Sushi & Grill',3),(293,'Sal\'s Pizza',3),(294,'Sav-On Cleaning Services',3),(295,'Schlotzskys',3),(296,'Schlotzsky\'s',3),(297,'Scottsdale Academy',3),(298,'Sea Saw',3),(299,'Seamus McCaffrey\'s',3),(300,'Seasons 52',3),(301,'Seattle Espresso',3),(302,'Septembers',3),(303,'Shooters Bar',3),(304,'Sign Of The Whale',3),(305,'Signature Nail and Spa',3),(306,'Sing High Chop Suey House',3),(307,'Slices',3),(308,'Sonic Drive-In',3),(309,'Souper Salad',3),(310,'Sports Authority',3),(311,'Sprint',3),(312,'Staples',3),(313,'Starbucks',3),(314,'Starbucks Coffee Company',3),(315,'Starbucks Corporation',3),(316,'Stein Mart',3),(317,'Steve & Barry\'s',3),(318,'Stonecreek Golf Club',3),(319,'Su Vino Winery',3),(320,'Sub Factory',3),(321,'Subway',3),(322,'Summit Cleaners',3),(323,'Super 8 Motel',3),(324,'Super L Ranch Market',3),(325,'Supercuts',3),(326,'Superstition Coffee',3),(327,'Sur La Table',3),(328,'Sweet Tomatoes',3),(329,'T & J Asian Cuisine',3),(330,'T.G.I. Friday\'s',3),(331,'Taco Bell',3),(332,'Tacos Jalisco',3),(333,'Target Optical',3),(334,'Target Stores',3),(335,'Tediberto\'s',3),(336,'Tempe Sports Complex',3),(337,'TEXAZ Grill',3),(338,'Thai Basil',3),(339,'Thai House',3),(340,'Thai Rama',3),(341,'Thao\'s Sandwiches',3),(342,'The Angel Store & More...',3),(343,'The Big House',3),(344,'The Body Lab',3),(345,'The Body Shop',3),(346,'The Buckle',3),(347,'The Garage Pub and Pizza',3),(348,'The Good Egg',3),(349,'The Human Bean',3),(350,'The Junk Guys',3),(351,'The Keg Steakhouse & Bar',3),(352,'The Magic Wok',3),(353,'The Nile Cafe',3),(354,'The Office',3),(355,'The Salon At Gold Canyon',3),(356,'The Siamese Cat',3),(357,'The Urban Farm Nursery',3),(358,'The Windmill Winery',3),(359,'Three Dog Bakery',3),(360,'T-Mobile',3),(361,'Trader Joe\'s',3),(362,'Tree Doctors',3),(363,'Treeline Design Group',3),(364,'TruGreen',3),(365,'Turn Style Consignment',3),(366,'Twin Wheels Cafe',3),(367,'Tyson Crosbie Photography',3),(368,'Ulta',3),(369,'UPS Store',3),(370,'Urbayn',3),(371,'U-Swirl',3),(372,'Valley Goldmine',3),(373,'Valley Movie Group',3),(374,'Verizon Wireless',3),(375,'Vertuccio Farms',3),(376,'Vistal Golf Club',3),(377,'W Scottsdale',3),(378,'Waffle House',3),(379,'Walgreens',3),(380,'Walmart',3),(381,'Wells Fargo Bank',3),(382,'Wildflower Bread Company',3),(383,'Yogis Grill',3),(384,'Yogurtini',3),(393,'Ace Hardware',3),(394,'new group',3),(395,'wefwefwef',3),(396,'dddd',3),(397,'fffff',3),(398,'qwqffqfw',3),(399,'ewqfweffwf',3),(400,'qwefwef',3),(401,'e2rtvrtbtr',3),(402,'qeffverb',3),(403,'sample',1),(407,'qefwqefwqef',1),(409,'wefwefwef',1),(410,'1111',1),(412,'r3rr33rr3r',1),(413,'Web Banking',274),(414,'News Platform',274),(415,'Verison Wireless',274),(416,'Waffle house',274),(417,'TruGreen',274),(418,'T-Mobile',275),(419,'The office',275),(420,'The magic wok',275),(421,'The junk Guys',276),(422,'Taco bell',276),(424,'sample',277);
/*!40000 ALTER TABLE `groupn` ENABLE KEYS */;
UNLOCK TABLES;

--
-- Table structure for table `messages`
--

DROP TABLE IF EXISTS `messages`;
/*!40101 SET @saved_cs_client     = @@character_set_client */;
 SET character_set_client = utf8mb4 ;
CREATE TABLE `messages` (
  `id_message` int(11) NOT NULL AUTO_INCREMENT,
  `message` varchar(45) NOT NULL DEFAULT '""',
  `time` datetime NOT NULL DEFAULT CURRENT_TIMESTAMP,
  `id_user` int(11) NOT NULL,
  `id_group` int(11) NOT NULL,
  PRIMARY KEY (`id_message`),
  KEY `fk_sender_idx` (`id_user`),
  KEY `fk_message_group_idx` (`id_group`),
  CONSTRAINT `fk_message_group` FOREIGN KEY (`id_group`) REFERENCES `groupn` (`id_group`) ON DELETE CASCADE ON UPDATE CASCADE,
  CONSTRAINT `fk_sender` FOREIGN KEY (`id_user`) REFERENCES `user` (`id_user`) ON DELETE CASCADE ON UPDATE CASCADE
) ENGINE=InnoDB AUTO_INCREMENT=292 DEFAULT CHARSET=utf8;
/*!40101 SET character_set_client = @saved_cs_client */;

--
-- Dumping data for table `messages`
--

LOCK TABLES `messages` WRITE;
/*!40000 ALTER TABLE `messages` DISABLE KEYS */;
INSERT INTO `messages` VALUES (1,'Hi!','2019-03-06 00:00:00',124,255),(2,'Any travel plans for next month?','2019-03-06 00:00:00',25,85),(3,'Its been a while we have not met.','2019-03-10 00:00:00',127,379),(4,'My weekend was awesome!','2019-03-09 00:00:00',67,221),(5,'Wanna go to the movies tonight?','2019-03-06 00:00:00',46,208),(6,'Any travel plans for next month?','2019-03-09 00:00:00',63,265),(7,'Wanna go to the movies tonight?','2019-03-06 00:00:00',32,350),(8,'Please check the messages of Christian.','2019-03-08 00:00:00',66,346),(9,'My weekend was awesome!','2019-03-06 00:00:00',32,369),(10,'Wanna go to the movies tonight?','2019-03-08 00:00:00',16,71),(11,'Shall we go to the cinema?','2019-03-07 00:00:00',24,222),(12,'Please check the messages of Christian.','2019-03-09 00:00:00',26,303),(13,'How is work today!','2019-03-08 00:00:00',57,278),(14,'Thank you!','2019-03-07 00:00:00',70,86),(15,'Is weather ok in your area?','2019-03-06 00:00:00',91,178),(16,'I had a great day.','2019-03-07 00:00:00',125,338),(17,'I had a great day.','2019-03-10 00:00:00',8,357),(18,'Your Welcome','2019-03-05 00:00:00',78,63),(19,'Weekend plans?','2019-03-05 00:00:00',53,360),(20,'Wanna go to the movies tonight?','2019-03-08 00:00:00',67,261),(21,'Please check the messages of Christian.','2019-03-05 00:00:00',33,297),(22,'Weekend plans?','2019-03-06 00:00:00',68,227),(23,'Any new series you would suggest?','2019-03-08 00:00:00',72,286),(24,'Happy Birthday!!','2019-03-06 00:00:00',82,107),(25,'Wanna go to the movies tonight?','2019-03-10 00:00:00',77,261),(26,'Happy Birthday!!','2019-03-08 00:00:00',44,62),(27,'Shall we go to the cinema?','2019-03-06 00:00:00',116,307),(28,'Coffee?','2019-03-08 00:00:00',53,265),(29,'How is work today!','2019-03-09 00:00:00',60,188),(30,'Good Evening!','2019-03-09 00:00:00',5,57),(31,'Is weather ok in your area?','2019-03-10 00:00:00',125,265),(32,'I face an issue with a user.','2019-03-08 00:00:00',7,326),(33,'Thank you!','2019-03-05 00:00:00',82,67),(34,'Any new series you would suggest?','2019-03-06 00:00:00',47,278),(35,'How is work today!','2019-03-08 00:00:00',39,108),(36,'Any travel plans for next month?','2019-03-10 00:00:00',74,331),(37,'Your Welcome','2019-03-08 00:00:00',121,329),(38,'Is weather ok in your area?','2019-03-06 00:00:00',22,186),(39,'Wanna go to the movies tonight?','2019-03-07 00:00:00',44,326),(40,'Any travel plans for next month?','2019-03-06 00:00:00',21,286),(41,'Your Welcome','2019-03-09 00:00:00',62,62),(42,'Your Welcome','2019-03-10 00:00:00',45,236),(43,'My weekend was awesome!','2019-03-09 00:00:00',103,225),(44,'My summer vacation in Madrid was great','2019-03-09 00:00:00',63,144),(45,'Coffee?','2019-03-07 00:00:00',113,349),(46,'Good Morning!','2019-03-10 00:00:00',35,364),(47,'Hi!','2019-03-08 00:00:00',43,278),(48,'How about you?','2019-03-09 00:00:00',96,178),(49,'Did you watch the news today?','2019-03-09 00:00:00',43,163),(50,'How about you?','2019-03-05 00:00:00',92,380),(51,'Your Welcome','2019-03-06 00:00:00',102,159),(52,'Shall we go to the cinema?','2019-03-06 00:00:00',106,303),(53,'I had a great day.','2019-03-10 00:00:00',102,53),(54,'Tell me your news!','2019-03-06 00:00:00',115,283),(55,'Your Welcome','2019-03-09 00:00:00',66,278),(56,'Hi!','2019-03-10 00:00:00',125,52),(57,'Hello!','2019-03-10 00:00:00',42,353),(58,'Is weather ok in your area?','2019-03-07 00:00:00',10,370),(59,'Any travel plans for next month?','2019-03-10 00:00:00',47,23),(60,'Wanna go to the movies tonight?','2019-03-06 00:00:00',70,223),(61,'Tell me your news!','2019-03-06 00:00:00',67,142),(62,'Shall we go to the cinema?','2019-03-10 00:00:00',68,313),(63,'How about you?','2019-03-09 00:00:00',48,112),(64,'Any travel plans for next month?','2019-03-09 00:00:00',93,170),(65,'Hello!','2019-03-05 00:00:00',1,5),(66,'Is weather ok in your area?','2019-03-06 00:00:00',96,40),(67,'Coffee?','2019-03-09 00:00:00',17,146),(68,'Shall we go to the cinema?','2019-03-07 00:00:00',107,137),(69,'Thank you!','2019-03-06 00:00:00',46,163),(70,'Any travel plans for next month?','2019-03-07 00:00:00',16,20),(71,'Weekend plans?','2019-03-10 00:00:00',50,338),(72,'Good Evening!','2019-03-09 00:00:00',129,305),(73,'How about you?','2019-03-10 00:00:00',76,227),(74,'Its been a while we have not met.','2019-03-10 00:00:00',33,146),(75,'Weekend plans?','2019-03-08 00:00:00',58,142),(76,'My weekend was awesome!','2019-03-06 00:00:00',78,228),(77,'What is your schedule at work','2019-03-05 00:00:00',108,85),(78,'Good Morning!','2019-03-08 00:00:00',96,226),(79,'Coffee?','2019-03-08 00:00:00',72,258),(80,'Happy Birthday!!','2019-03-09 00:00:00',28,260),(81,'Your Welcome','2019-03-05 00:00:00',19,312),(82,'Your Welcome','2019-03-08 00:00:00',44,251),(83,'What is your schedule at work','2019-03-09 00:00:00',102,326),(84,'Hello!','2019-03-09 00:00:00',118,313),(85,'Good Morning!','2019-03-06 00:00:00',62,261),(86,'Did you watch the news today?','2019-03-10 00:00:00',102,270),(87,'Weekend plans?','2019-03-05 00:00:00',4,253),(88,'Please check the messages of Christian.','2019-03-09 00:00:00',122,305),(89,'Please check the messages of Christian.','2019-03-06 00:00:00',66,276),(90,'Shall we go to the cinema?','2019-03-08 00:00:00',65,223),(91,'How is work today!','2019-03-07 00:00:00',47,82),(92,'Did you watch the news today?','2019-03-07 00:00:00',67,186),(93,'Did you watch the news today?','2019-03-08 00:00:00',80,110),(94,'My weekend was awesome!','2019-03-08 00:00:00',91,168),(95,'Please check the messages of Christian.','2019-03-06 00:00:00',44,261),(96,'How is work today!','2019-03-09 00:00:00',96,335),(97,'Good Evening!','2019-03-05 00:00:00',104,355),(98,'Weekend plans?','2019-03-09 00:00:00',45,137),(99,'Its been a while we have not met.','2019-03-07 00:00:00',40,284),(100,'Coffee?','2019-03-09 00:00:00',83,6),(101,'Hi!','2019-03-09 00:00:00',4,224),(102,'I had a great day.','2019-03-07 00:00:00',46,38),(103,'The app flows so far!','2019-03-08 00:00:00',41,113),(104,'Any travel plans for next month?','2019-03-07 00:00:00',97,16),(105,'Good Evening!','2019-03-07 00:00:00',78,92),(106,'Weekend plans?','2019-03-09 00:00:00',8,87),(107,'My summer vacation in Madrid was great','2019-03-09 00:00:00',8,135),(108,'Coffee?','2019-03-09 00:00:00',4,211),(109,'Any travel plans for next month?','2019-03-05 00:00:00',106,264),(110,'Happy Birthday!!','2019-03-09 00:00:00',50,70),(111,'Good Evening!','2019-03-05 00:00:00',22,299),(112,'Weekend plans?','2019-03-10 00:00:00',69,35),(113,'Any new series you would suggest?','2019-03-05 00:00:00',50,377),(114,'Hi!','2019-03-05 00:00:00',20,303),(115,'Its been a while we have not met.','2019-03-09 00:00:00',74,338),(116,'Good Morning!','2019-03-08 00:00:00',78,167),(117,'Good Evening!','2019-03-07 00:00:00',32,307),(118,'Is weather ok in your area?','2019-03-08 00:00:00',107,117),(119,'How is work today!','2019-03-08 00:00:00',38,120),(120,'Is weather ok in your area?','2019-03-10 00:00:00',129,7),(121,'Hi!','2019-03-05 00:00:00',73,334),(122,'Its been a while we have not met.','2019-03-07 00:00:00',62,336),(123,'Any new series you would suggest?','2019-03-07 00:00:00',3,108),(124,'Its been a while we have not met.','2019-03-06 00:00:00',42,108),(125,'Wanna go to the movies tonight?','2019-03-06 00:00:00',104,380),(126,'Coffee?','2019-03-06 00:00:00',106,207),(127,'Weekend plans?','2019-03-06 00:00:00',39,325),(128,'My summer vacation in Madrid was great','2019-03-08 00:00:00',48,194),(129,'Any new series you would suggest?','2019-03-06 00:00:00',30,357),(130,'Tell me your news!','2019-03-06 00:00:00',45,295),(131,'Wanna go to the movies tonight?','2019-03-06 00:00:00',118,245),(132,'What is your schedule at work','2019-03-05 00:00:00',121,350),(133,'I face an issue with a user.','2019-03-05 00:00:00',83,193),(134,'My summer vacation in Madrid was great','2019-03-10 00:00:00',32,211),(135,'Weekend plans?','2019-03-09 00:00:00',19,61),(136,'Good Evening!','2019-03-08 00:00:00',102,178),(137,'My weekend was awesome!','2019-03-05 00:00:00',86,328),(138,'Tell me your news!','2019-03-05 00:00:00',102,261),(139,'The app flows so far!','2019-03-05 00:00:00',1,336),(140,'Any new series you would suggest?','2019-03-09 00:00:00',78,179),(141,'My summer vacation in Madrid was great','2019-03-06 00:00:00',125,50),(142,'My summer vacation in Madrid was great','2019-03-07 00:00:00',126,261),(143,'I face an issue with a user.','2019-03-06 00:00:00',25,178),(144,'Did you watch the news today?','2019-03-09 00:00:00',122,95),(145,'Tell me your news!','2019-03-06 00:00:00',36,59),(146,'Shall we go to the cinema?','2019-03-10 00:00:00',96,52),(147,'Good Evening!','2019-03-05 00:00:00',14,40),(148,'Weekend plans?','2019-03-05 00:00:00',43,254),(149,'Shall we go to the cinema?','2019-03-07 00:00:00',35,352),(150,'Please check the messages of Christian.','2019-03-10 00:00:00',65,167),(151,'Did you watch the news today?','2019-03-08 00:00:00',57,50),(152,'My summer vacation in Madrid was great','2019-03-07 00:00:00',67,18),(153,'I face an issue with a user.','2019-03-07 00:00:00',23,200),(154,'I had a great day.','2019-03-08 00:00:00',116,91),(155,'Is weather ok in your area?','2019-03-07 00:00:00',4,80),(156,'Hello!','2019-03-05 00:00:00',65,329),(157,'Tell me your news!','2019-03-08 00:00:00',113,222),(158,'Happy Birthday!!','2019-03-05 00:00:00',85,52),(159,'Good Evening!','2019-03-10 00:00:00',81,220),(160,'Happy Birthday!!','2019-03-09 00:00:00',72,377),(161,'Its been a while we have not met.','2019-03-05 00:00:00',57,206),(162,'Wanna go to the movies tonight?','2019-03-07 00:00:00',9,193),(163,'Hello!','2019-03-10 00:00:00',122,207),(164,'Coffee?','2019-03-08 00:00:00',111,338),(165,'Did you watch the news today?','2019-03-05 00:00:00',42,231),(166,'Shall we go to the cinema?','2019-03-05 00:00:00',2,273),(167,'Is weather ok in your area?','2019-03-09 00:00:00',47,269),(168,'My weekend was awesome!','2019-03-07 00:00:00',60,136),(169,'How is work today!','2019-03-09 00:00:00',91,319),(170,'Please check the messages of Christian.','2019-03-10 00:00:00',62,194),(171,'Did you watch the news today?','2019-03-08 00:00:00',60,270),(172,'Thank you!','2019-03-05 00:00:00',126,356),(173,'Thank you!','2019-03-10 00:00:00',25,325),(174,'Tell me your news!','2019-03-08 00:00:00',3,313),(175,'Where do you come from?','2019-03-10 00:00:00',91,271),(176,'How is work today!','2019-03-10 00:00:00',48,77),(177,'Hi!','2019-03-05 00:00:00',96,5),(178,'Happy Birthday!!','2019-03-07 00:00:00',52,40),(179,'Did you watch the news today?','2019-03-05 00:00:00',33,270),(180,'What is your schedule at work','2019-03-09 00:00:00',12,89),(181,'Happy Birthday!!','2019-03-08 00:00:00',17,176),(182,'Hello!','2019-03-08 00:00:00',45,86),(183,'Where do you come from?','2019-03-05 00:00:00',118,383),(184,'The app flows so far!','2019-03-10 00:00:00',15,19),(185,'Good Evening!','2019-03-09 00:00:00',46,382),(186,'Wanna go to the movies tonight?','2019-03-06 00:00:00',17,208),(187,'How is work today!','2019-03-09 00:00:00',96,91),(188,'Any new series you would suggest?','2019-03-09 00:00:00',71,370),(189,'My summer vacation in Madrid was great','2019-03-06 00:00:00',51,196),(190,'What is your schedule at work','2019-03-05 00:00:00',129,52),(191,'Wanna go to the movies tonight?','2019-03-08 00:00:00',47,340),(192,'Is weather ok in your area?','2019-03-08 00:00:00',36,379),(193,'Any travel plans for next month?','2019-03-06 00:00:00',17,375),(194,'I had a great day.','2019-03-10 00:00:00',62,373),(195,'Coffee?','2019-03-10 00:00:00',25,194),(196,'What is your schedule at work','2019-03-06 00:00:00',83,156),(197,'Any travel plans for next month?','2019-03-07 00:00:00',17,144),(198,'My summer vacation in Madrid was great','2019-03-10 00:00:00',13,259),(199,'Happy Birthday!!','2019-03-08 00:00:00',112,108),(200,'Its been a while we have not met.','2019-03-09 00:00:00',91,321),(201,'hello there','2019-04-08 20:43:56',1,20),(202,'hi team','2019-04-08 20:44:31',2,20),(203,'hi','2019-04-08 20:45:23',3,20),(204,'all ok','2019-04-09 01:19:14',1,20),(205,'all ok','2019-04-09 01:19:48',1,20),(206,'all ok','2019-04-09 01:20:49',1,20),(207,'not ok','2019-04-09 01:22:35',1,20),(208,'wefwefwf','2019-04-09 01:24:53',1,20),(209,'werfwefwf','2019-04-09 01:25:58',1,20),(210,'wewefwefwef','2019-04-09 01:26:03',1,20),(211,'wwefwefwef','2019-04-09 01:27:57',1,20),(212,'wefwefwef11','2019-04-09 01:28:04',1,20),(213,'1211213123123','2019-04-09 01:28:06',1,20),(214,'12e1e12e12e','2019-04-09 01:28:10',1,20),(215,'12e1e1e2','2019-04-09 01:28:11',1,20),(216,'1e1e','2019-04-09 01:28:11',1,20),(217,'1e1','2019-04-09 01:28:12',1,20),(218,'e','2019-04-09 01:28:12',1,20),(219,'1e','2019-04-09 01:28:12',1,20),(220,'12e','2019-04-09 01:28:12',1,20),(221,'12','2019-04-09 01:28:12',1,20),(222,'e12','2019-04-09 01:28:12',1,20),(223,'e12e12e12e12e','2019-04-09 01:28:13',1,20),(224,'wefwefwe','2019-04-09 01:28:37',1,20),(225,'wefwefwef','2019-04-09 01:28:39',1,20),(226,'wefwefwef','2019-04-09 01:29:28',1,20),(227,'wefwfwef','2019-04-09 01:29:32',1,20),(228,'wefwefwef','2019-04-09 01:30:06',1,20),(229,'wefwefwef','2019-04-09 01:30:07',1,20),(230,'wefwefwf','2019-04-09 01:30:08',1,20),(231,'wfewf','2019-04-09 01:30:09',1,20),(232,'2ef2f23f23f','2019-04-09 17:16:18',3,20),(233,'wefwef','2019-04-09 17:16:24',1,20),(234,'56g56h','2019-04-09 20:02:01',1,20),(235,'4tfg4fg4tfg','2019-04-09 20:02:14',1,20),(236,'erger','2019-04-09 21:58:10',1,20),(237,'qewfwefwefwe wefweg wefwegwe wwef','2019-04-10 19:17:58',1,20),(238,'sdbgsdbsd wegwer  wergerb  ewbwegbweg','2019-04-10 21:21:41',1,20),(239,'wefwefwfwef','2019-04-11 02:19:47',1,20),(240,'wefwefwefewf','2019-04-11 02:20:02',1,20),(241,'wefwef','2019-04-11 02:20:06',1,20),(242,'wefwef','2019-04-11 02:20:43',1,20),(243,'1','2019-04-11 02:20:45',1,20),(244,'1','2019-04-11 02:20:50',1,20),(245,'wefwef','2019-04-11 02:21:24',1,20),(246,'1211212','2019-04-11 02:21:29',1,20),(247,'12121212','2019-04-11 02:21:32',1,20),(248,'qefqwef','2019-04-11 02:21:45',1,20),(249,'wewefewf','2019-04-11 02:21:47',1,20),(250,'wefwef','2019-04-11 02:21:50',1,20),(251,'1112112','2019-04-11 02:21:54',1,20),(252,'wefwefwfe','2019-04-11 02:23:17',1,20),(253,'121212wefwef','2019-04-11 02:23:22',1,20),(254,'efwfwefwfwef','2019-04-11 02:23:36',1,20),(255,'wefwfewf','2019-04-11 02:23:38',1,20),(256,'wefwfewef','2019-04-11 02:23:39',1,20),(257,'wefwefwef','2019-04-11 02:24:06',1,20),(258,'wefwefewf','2019-04-11 02:24:08',1,20),(259,'wefwef','2019-04-11 02:24:09',1,20),(260,'wqefwwefwefwef','2019-04-11 02:26:23',1,20),(261,'wwefwef','2019-04-11 02:26:25',1,20),(262,'wefwefwf','2019-04-11 02:26:26',1,20),(263,'wefwefwf','2019-04-11 02:26:27',1,20),(264,'wefwef','2019-04-11 02:26:28',1,20),(265,'wefwfwef','2019-04-11 02:26:32',1,20),(266,'wwefwefwf','2019-04-11 02:28:22',1,20),(267,'wwefwef','2019-04-11 02:28:27',1,20),(268,'wefwefwef','2019-04-11 02:28:28',1,20),(269,'wewefwef','2019-04-11 02:28:29',1,20),(270,'wefwef','2019-04-11 02:28:30',1,20),(271,'wefwef','2019-04-11 02:28:31',1,20),(272,'wefwef','2019-04-11 02:28:33',1,20),(273,'wefewfwef','2019-04-11 02:28:53',1,20),(274,'wefwef','2019-04-11 02:28:55',1,20),(275,'wefwef','2019-04-11 02:28:56',1,20),(276,'wefwf','2019-04-11 02:28:58',1,20),(277,'wefwefwf','2019-04-11 02:28:59',1,20),(278,'wefwfewf','2019-04-11 02:29:00',1,20),(279,'wefwefwef','2019-04-11 02:29:09',1,20),(280,'wefwfe','2019-04-11 02:29:10',1,20),(281,'wefwfe','2019-04-11 02:29:11',1,20),(282,'wefwfwef','2019-04-11 02:29:12',1,20),(283,'wefwef','2019-04-11 02:29:13',1,20),(284,'wefwefw','2019-04-11 02:30:29',84,20),(285,'wefwef','2019-04-11 02:32:12',84,20),(286,'wqefwefewf','2019-04-11 02:32:19',1,20),(287,'wefwef','2019-04-11 02:32:29',1,20),(288,'Hello','2019-04-12 18:17:11',274,413),(289,'wefwefwef','2019-04-12 19:45:22',276,413),(290,'wefwefwef','2019-04-13 18:52:46',274,413),(291,'wefwef','2019-04-13 18:53:31',274,413);
/*!40000 ALTER TABLE `messages` ENABLE KEYS */;
UNLOCK TABLES;

--
-- Table structure for table `priority`
--

DROP TABLE IF EXISTS `priority`;
/*!40101 SET @saved_cs_client     = @@character_set_client */;
 SET character_set_client = utf8mb4 ;
CREATE TABLE `priority` (
  `id_priority` int(11) NOT NULL AUTO_INCREMENT,
  `priority` varchar(45) NOT NULL,
  PRIMARY KEY (`id_priority`)
) ENGINE=InnoDB AUTO_INCREMENT=7 DEFAULT CHARSET=utf8;
/*!40101 SET character_set_client = @saved_cs_client */;

--
-- Dumping data for table `priority`
--

LOCK TABLES `priority` WRITE;
/*!40000 ALTER TABLE `priority` DISABLE KEYS */;
INSERT INTO `priority` VALUES (1,'low'),(2,'normal'),(3,'high');
/*!40000 ALTER TABLE `priority` ENABLE KEYS */;
UNLOCK TABLES;

--
-- Table structure for table `status`
--

DROP TABLE IF EXISTS `status`;
/*!40101 SET @saved_cs_client     = @@character_set_client */;
 SET character_set_client = utf8mb4 ;
CREATE TABLE `status` (
  `id_status` int(11) NOT NULL AUTO_INCREMENT,
  `status` varchar(45) NOT NULL,
  PRIMARY KEY (`id_status`)
) ENGINE=InnoDB AUTO_INCREMENT=4 DEFAULT CHARSET=utf8;
/*!40101 SET character_set_client = @saved_cs_client */;

--
-- Dumping data for table `status`
--

LOCK TABLES `status` WRITE;
/*!40000 ALTER TABLE `status` DISABLE KEYS */;
INSERT INTO `status` VALUES (1,'incomplete'),(2,'on-going'),(3,'complete');
/*!40000 ALTER TABLE `status` ENABLE KEYS */;
UNLOCK TABLES;

--
-- Table structure for table `task`
--

DROP TABLE IF EXISTS `task`;
/*!40101 SET @saved_cs_client     = @@character_set_client */;
 SET character_set_client = utf8mb4 ;
CREATE TABLE `task` (
  `id_task` int(11) NOT NULL AUTO_INCREMENT,
  `task_title` varchar(45) NOT NULL DEFAULT '"Task"',
  `task` varchar(250) NOT NULL DEFAULT '""',
  `time_created` datetime NOT NULL DEFAULT CURRENT_TIMESTAMP,
  `deadline` datetime NOT NULL,
  `id_group` int(11) NOT NULL,
  `delegator_user` int(11) NOT NULL,
  `assigned_user` int(11) NOT NULL,
  `id_status` int(11) NOT NULL DEFAULT '1',
  `id_priority` int(11) NOT NULL DEFAULT '1',
  PRIMARY KEY (`id_task`),
  KEY `fk_task_priority_idx` (`id_priority`),
  KEY `fk_user_assigned_idx` (`assigned_user`),
  KEY `fk_group_idx` (`id_group`),
  KEY `fk_user_delegates_idx` (`delegator_user`),
  CONSTRAINT `fk_task_group` FOREIGN KEY (`id_group`) REFERENCES `user_group` (`id_group`) ON DELETE CASCADE ON UPDATE CASCADE,
  CONSTRAINT `fk_task_priority` FOREIGN KEY (`id_priority`) REFERENCES `priority` (`id_priority`) ON DELETE CASCADE ON UPDATE CASCADE,
  CONSTRAINT `fk_user_assigned` FOREIGN KEY (`assigned_user`) REFERENCES `user_group` (`id_user`) ON DELETE CASCADE ON UPDATE CASCADE,
  CONSTRAINT `fk_user_delegates` FOREIGN KEY (`delegator_user`) REFERENCES `groupn` (`id_creator`) ON DELETE CASCADE ON UPDATE CASCADE
) ENGINE=InnoDB AUTO_INCREMENT=355 DEFAULT CHARSET=utf8;
/*!40101 SET character_set_client = @saved_cs_client */;

--
-- Dumping data for table `task`
--

LOCK TABLES `task` WRITE;
/*!40000 ALTER TABLE `task` DISABLE KEYS */;
INSERT INTO `task` VALUES (2,'Asia','Afghanistan','2019-03-05 00:00:00','2019-03-15 00:00:00',208,116,62,3,3),(5,'Europe','Albania','2019-03-08 00:00:00','2019-03-16 00:00:00',113,116,113,2,1),(6,'Europe','Andorra','2019-03-07 00:00:00','2019-03-15 00:00:00',229,116,18,2,1),(7,'North America','Netherlands Antilles','2019-03-08 00:00:00','2019-03-16 00:00:00',100,114,104,2,3),(8,'Asia','United Arab Emirates','2019-03-05 00:00:00','2019-03-16 00:00:00',69,112,102,3,1),(10,'Asia','Armenia','2019-03-07 00:00:00','2019-03-12 00:00:00',377,99,99,1,3),(11,'Oceania','American Samoa','2019-03-06 00:00:00','2019-03-12 00:00:00',263,116,34,1,2),(12,'Antarctica','Antarctica','2019-03-07 00:00:00','2019-03-17 00:00:00',242,116,78,1,3),(14,'North America','Antigua and Barbuda','2019-03-05 00:00:00','2020-03-11 00:00:00',225,116,107,1,3),(15,'Oceania','Australia','2019-03-08 00:00:00','2019-03-17 00:00:00',150,116,26,3,2),(16,'Europe','Austria','2019-03-09 00:00:00','2019-04-11 00:00:00',213,116,78,2,2),(17,'Asia','Azerbaijan','2019-03-07 00:00:00','2019-03-13 00:00:00',84,114,18,3,3),(18,'Africa','Burundi','2019-03-10 00:00:00','2019-03-16 00:00:00',241,116,91,3,1),(19,'Europe','Belgium','2019-03-09 00:00:00','2019-03-13 00:00:00',132,116,46,3,1),(25,'North America','Bahamas','2019-03-07 00:00:00','2019-03-18 00:00:00',144,116,42,2,3),(26,'Europe','Bosnia and Herzegovina','2019-03-09 00:00:00','2019-03-13 00:00:00',362,99,99,1,3),(27,'Europe','Belarus','2019-03-08 00:00:00','2019-03-12 00:00:00',117,116,114,1,2),(28,'North America','Belize','2019-03-08 00:00:00','2019-03-13 00:00:00',245,116,23,1,1),(29,'North America','Bermuda','2019-03-05 00:00:00','2019-04-11 00:00:00',175,116,83,2,3),(30,'South America','Bolivia','2019-03-07 00:00:00','2019-03-14 00:00:00',97,114,122,1,2),(32,'North America','Barbados','2019-03-08 00:00:00','2019-03-12 00:00:00',190,116,23,3,2),(34,'Asia','Bhutan','2019-03-05 00:00:00','2019-03-14 00:00:00',273,43,18,2,2),(35,'Antarctica','Bouvet Island','2019-03-10 00:00:00','2019-04-11 00:00:00',270,116,128,2,2),(36,'Africa','Botswana','2019-03-08 00:00:00','2019-03-15 00:00:00',255,116,63,3,2),(38,'North America','Canada','2019-03-05 00:00:00','2019-03-14 00:00:00',111,114,107,3,2),(39,'Oceania','Cocos (Keeling) Islands','2019-03-07 00:00:00','2019-03-15 00:00:00',310,43,99,1,3),(41,'South America','Chile','2019-03-07 00:00:00','2019-03-16 00:00:00',236,116,27,3,1),(42,'Asia','China','2019-03-06 00:00:00','2019-03-17 00:00:00',237,116,119,3,1),(47,'Oceania','Cook Islands','2019-03-06 00:00:00','2019-03-14 00:00:00',299,43,47,2,1),(49,'Africa','Comoros','2019-03-05 00:00:00','2019-03-12 00:00:00',271,116,67,2,1),(50,'Africa','Cape Verde','2019-03-08 00:00:00','2019-03-17 00:00:00',120,116,114,1,3),(51,'North America','Costa Rica','2019-03-06 00:00:00','2019-03-13 00:00:00',153,116,26,3,1),(54,'North America','Cayman Islands','2019-03-05 00:00:00','2019-03-18 00:00:00',107,114,114,3,1),(55,'Asia','Cyprus','2019-03-05 00:00:00','2019-03-16 00:00:00',254,116,52,3,1),(56,'Europe','Czech Republic','2019-03-09 00:00:00','2019-03-17 00:00:00',363,99,99,2,1),(58,'Africa','Djibouti','2019-03-10 00:00:00','2019-03-15 00:00:00',362,99,99,1,1),(59,'North America','Dominica','2019-03-08 00:00:00','2019-03-14 00:00:00',111,114,122,2,1),(60,'Europe','Denmark','2019-03-07 00:00:00','2019-03-18 00:00:00',194,116,91,3,1),(61,'North America','Dominican Republic','2019-03-07 00:00:00','2019-03-14 00:00:00',313,43,97,1,1),(62,'Africa','Algeria','2019-03-10 00:00:00','2019-03-18 00:00:00',69,112,116,2,3),(63,'South America','Ecuador','2019-03-07 00:00:00','2019-03-12 00:00:00',196,116,42,1,3),(64,'Africa','Egypt','2019-03-07 00:00:00','2020-03-11 00:00:00',311,43,92,3,1),(65,'Africa','Eritrea','2019-03-09 00:00:00','2019-03-12 00:00:00',358,99,99,1,1),(66,'Africa','Western Sahara','2019-03-07 00:00:00','2019-03-15 00:00:00',268,116,128,1,3),(68,'Europe','Estonia','2019-03-09 00:00:00','2019-03-15 00:00:00',179,116,122,1,3),(69,'Africa','Ethiopia','2019-03-10 00:00:00','2019-03-13 00:00:00',225,116,60,2,1),(71,'Oceania','Fiji Islands','2019-03-09 00:00:00','2019-03-14 00:00:00',267,116,99,3,3),(72,'South America','Falkland Islands','2019-03-05 00:00:00','2020-03-11 00:00:00',267,116,42,1,3),(77,'Europe','United Kingdom','2019-03-05 00:00:00','2019-03-14 00:00:00',332,43,99,2,2),(80,'Europe','Gibraltar','2019-03-05 00:00:00','2019-03-13 00:00:00',351,99,92,3,3),(81,'Africa','Guinea','2019-03-08 00:00:00','2019-03-16 00:00:00',135,116,122,2,2),(82,'North America','Guadeloupe','2019-03-07 00:00:00','2019-03-16 00:00:00',137,116,122,3,3),(83,'Africa','Gambia','2019-03-10 00:00:00','2019-03-13 00:00:00',205,116,91,1,2),(85,'Africa','Equatorial Guinea','2019-03-10 00:00:00','2019-03-16 00:00:00',203,116,83,1,3),(87,'North America','Grenada','2019-03-05 00:00:00','2019-04-11 00:00:00',251,116,55,2,1),(88,'North America','Greenland','2019-03-09 00:00:00','2019-03-16 00:00:00',159,116,118,3,1),(90,'South America','French Guiana','2019-03-05 00:00:00','2020-03-11 00:00:00',62,107,24,1,1),(91,'Oceania','Guam','2019-03-10 00:00:00','2020-03-11 00:00:00',263,116,79,1,3),(94,'Antarctica','Heard Island and McDonald Islands','2019-03-05 00:00:00','2019-03-17 00:00:00',266,116,47,3,3),(95,'North America','Honduras','2019-03-09 00:00:00','2019-03-15 00:00:00',250,116,42,2,3),(98,'Europe','Hungary','2019-03-10 00:00:00','2019-03-17 00:00:00',80,114,34,1,1),(100,'Asia','India','2019-03-08 00:00:00','2019-03-12 00:00:00',337,43,99,3,3),(101,'Africa','British Indian Ocean Territory','2019-03-05 00:00:00','2019-03-13 00:00:00',91,114,19,1,2),(102,'Europe','Ireland','2019-03-07 00:00:00','2019-03-12 00:00:00',127,116,14,2,1),(104,'Asia','Iraq','2019-03-10 00:00:00','2019-03-17 00:00:00',365,99,99,2,2),(105,'Europe','Iceland','2019-03-09 00:00:00','2019-03-18 00:00:00',224,116,52,3,1),(106,'Asia','Israel','2019-03-10 00:00:00','2019-03-12 00:00:00',272,17,55,1,2),(107,'Europe','Italy','2019-03-06 00:00:00','2019-03-14 00:00:00',126,116,21,1,2),(109,'Asia','Jordan','2019-03-07 00:00:00','2019-03-16 00:00:00',182,116,127,3,2),(110,'Asia','Japan','2019-03-10 00:00:00','2019-03-18 00:00:00',115,116,124,1,1),(111,'Asia','Kazakstan','2019-03-06 00:00:00','2019-04-11 00:00:00',190,116,6,2,2),(112,'Africa','Kenya','2019-03-07 00:00:00','2019-03-17 00:00:00',336,43,99,3,1),(113,'Asia','Kyrgyzstan','2019-03-09 00:00:00','2019-03-15 00:00:00',311,43,80,3,1),(115,'Oceania','Kiribati','2019-03-08 00:00:00','2019-04-11 00:00:00',254,116,48,1,2),(116,'North America','Saint Kitts and Nevis','2019-03-09 00:00:00','2019-04-11 00:00:00',175,116,23,2,3),(117,'Asia','South Korea','2019-03-05 00:00:00','2019-03-17 00:00:00',357,99,66,3,1),(118,'Asia','Kuwait','2019-03-06 00:00:00','2019-03-15 00:00:00',159,116,74,1,2),(120,'Asia','Lebanon','2019-03-10 00:00:00','2019-03-17 00:00:00',325,43,8,2,3),(122,'Africa','Libyan Arab Jamahiriya','2019-03-09 00:00:00','2019-03-17 00:00:00',289,43,47,3,3),(123,'North America','Saint Lucia','2019-03-10 00:00:00','2019-03-15 00:00:00',258,116,34,3,3),(126,'Africa','Lesotho','2019-03-06 00:00:00','2019-03-17 00:00:00',224,116,98,3,1),(127,'Europe','Lithuania','2019-03-10 00:00:00','2019-03-15 00:00:00',151,116,32,2,1),(128,'Europe','Luxembourg','2019-03-08 00:00:00','2019-03-18 00:00:00',268,116,79,2,3),(129,'Europe','Latvia','2019-03-07 00:00:00','2019-03-17 00:00:00',177,116,20,3,2),(130,'Asia','Macao','2019-03-08 00:00:00','2019-03-14 00:00:00',271,116,52,2,3),(131,'Africa','Morocco','2019-03-05 00:00:00','2019-04-11 00:00:00',321,43,68,3,2),(132,'Europe','Monaco','2019-03-09 00:00:00','2019-03-18 00:00:00',209,116,5,2,1),(135,'Asia','Maldives','2019-03-06 00:00:00','2019-03-14 00:00:00',286,43,99,3,3),(137,'Oceania','Marshall Islands','2019-03-05 00:00:00','2019-03-17 00:00:00',266,116,99,2,2),(138,'Europe','Macedonia','2019-03-05 00:00:00','2020-03-11 00:00:00',313,43,79,3,3),(139,'Africa','Mali','2019-03-07 00:00:00','2020-03-11 00:00:00',369,99,99,3,2),(141,'Asia','Myanmar','2019-03-07 00:00:00','2019-03-17 00:00:00',255,116,9,3,1),(142,'Asia','Mongolia','2019-03-09 00:00:00','2019-03-18 00:00:00',157,116,29,1,2),(144,'Africa','Mozambique','2019-03-09 00:00:00','2019-03-13 00:00:00',232,116,23,3,3),(145,'Africa','Mauritania','2019-03-07 00:00:00','2019-03-18 00:00:00',112,114,46,2,1),(147,'North America','Martinique','2019-03-07 00:00:00','2019-03-12 00:00:00',67,112,14,1,1),(149,'Africa','Malawi','2019-03-10 00:00:00','2019-03-14 00:00:00',308,43,99,2,1),(150,'Asia','Malaysia','2019-03-09 00:00:00','2019-03-15 00:00:00',225,116,80,1,1),(151,'Africa','Mayotte','2019-03-09 00:00:00','2019-04-11 00:00:00',145,116,26,2,2),(152,'Africa','Namibia','2019-03-08 00:00:00','2019-03-18 00:00:00',378,99,70,1,1),(154,'Africa','Niger','2019-03-10 00:00:00','2020-03-11 00:00:00',250,116,91,3,3),(155,'Oceania','Norfolk Island','2019-03-09 00:00:00','2019-03-16 00:00:00',125,116,17,1,2),(156,'Africa','Nigeria','2019-03-09 00:00:00','2019-03-14 00:00:00',261,116,74,2,2),(157,'North America','Nicaragua','2019-03-09 00:00:00','2019-03-16 00:00:00',199,116,78,1,1),(159,'Europe','Netherlands','2019-03-09 00:00:00','2019-03-15 00:00:00',207,116,37,2,2),(160,'Europe','Norway','2019-03-09 00:00:00','2019-03-15 00:00:00',95,114,73,2,3),(167,'Oceania','Pitcairn','2019-03-10 00:00:00','2019-03-12 00:00:00',384,99,99,1,1),(169,'Asia','Philippines','2019-03-08 00:00:00','2019-03-15 00:00:00',83,114,46,2,2),(170,'Oceania','Palau','2019-03-05 00:00:00','2019-03-18 00:00:00',85,114,22,3,2),(171,'Oceania','Papua New Guinea','2019-03-09 00:00:00','2019-03-13 00:00:00',155,116,68,3,3),(173,'North America','Puerto Rico','2019-03-06 00:00:00','2019-03-15 00:00:00',364,99,99,3,1),(175,'Europe','Portugal','2019-03-05 00:00:00','2019-04-11 00:00:00',342,99,99,1,1),(177,'Asia','Palestine','2019-03-10 00:00:00','2019-03-14 00:00:00',153,116,83,1,3),(178,'Oceania','French Polynesia','2019-03-06 00:00:00','2019-03-18 00:00:00',168,116,26,3,1),(179,'Asia','Qatar','2019-03-05 00:00:00','2019-03-18 00:00:00',140,116,77,1,1),(180,'Africa','Réunion','2019-03-08 00:00:00','2019-03-15 00:00:00',155,116,51,1,2),(183,'Africa','Rwanda','2019-03-08 00:00:00','2019-04-11 00:00:00',243,116,83,3,3),(184,'Asia','Saudi Arabia','2019-03-10 00:00:00','2019-03-18 00:00:00',308,43,99,1,2),(215,'Africa','Tunisia','2019-03-10 00:00:00','2020-03-11 00:00:00',363,99,99,2,3),(217,'Oceania','Tuvalu','2019-03-07 00:00:00','2019-03-15 00:00:00',136,116,38,2,2),(218,'Asia','Taiwan','2019-03-09 00:00:00','2019-03-18 00:00:00',100,114,94,1,2),(220,'Africa','Uganda','2019-03-10 00:00:00','2019-03-12 00:00:00',267,116,63,1,2),(221,'Europe','Ukraine','2019-03-07 00:00:00','2019-03-17 00:00:00',149,116,98,3,1),(222,'Oceania','United States Minor Outlying Islands','2019-03-10 00:00:00','2020-03-11 00:00:00',332,43,99,1,2),(224,'North America','United States','2019-03-07 00:00:00','2019-03-18 00:00:00',382,99,99,2,1),(226,'Europe','Holy See (Vatican City State)','2019-03-10 00:00:00','2020-03-11 00:00:00',380,99,99,2,2),(229,'North America','Virgin Islands, British','2019-03-10 00:00:00','2019-04-11 00:00:00',152,116,77,2,3),(230,'North America','Virgin Islands, U.S.','2019-03-06 00:00:00','2019-03-12 00:00:00',131,116,72,1,2),(233,'Oceania','Wallis and Futuna','2019-03-10 00:00:00','2019-03-13 00:00:00',365,99,93,2,2),(237,'Africa','South Africa','2019-03-07 00:00:00','2019-03-14 00:00:00',321,43,56,1,3),(238,'Africa','Zambia','2019-03-06 00:00:00','2019-03-16 00:00:00',243,116,99,1,3),(239,'Africa','Zimbabwe','2019-03-06 00:00:00','2019-03-12 00:00:00',159,116,91,1,1),(292,'wefwefw','wefwef','2019-04-11 02:16:02','2019-04-17 00:00:00',20,1,2,4,1),(293,'wefwfwef','wefwefwfw','2019-04-11 02:16:07','9998-12-31 00:00:00',20,1,2,4,1),(294,'wefwefwwefwef','wefwefwefwefewf','2019-04-11 02:16:16','2019-03-31 00:00:00',20,1,3,1,1),(295,'12313241','112','2019-04-11 02:16:30','2019-04-24 00:00:00',20,1,84,4,1),(296,'wefwef','112wefwefw','2019-04-11 02:16:48','2019-04-01 00:00:00',20,1,84,1,1),(297,'wefwef','112wefwefw','2019-04-11 02:17:01','2019-04-01 00:00:00',20,1,84,1,1),(298,'qwefwefwef','wefwefwefwef','2019-04-11 19:06:18','2019-04-18 00:00:00',20,1,3,4,1),(299,'qwefwefwef12212','wefwefwefwef','2019-04-11 19:07:12','2019-04-18 00:00:00',20,1,3,4,1),(300,'qewqefqfq','qewfqfwqefwqef','2019-04-11 19:08:42','2019-04-25 00:00:00',20,1,84,4,1),(301,'wefwef','wefwefw','2019-04-11 19:13:46','2019-04-18 00:00:00',20,1,2,4,1),(312,'sample1','qewdqwdq','2019-04-12 15:32:04','2019-04-11 00:00:00',424,277,1,1,1),(314,'wefwef','qewf','2019-04-12 15:33:53','2019-04-11 00:00:00',424,277,1,1,1),(319,'wefwef','wefwefwef','2019-04-12 15:38:10','2019-04-11 00:00:00',424,277,1,1,1),(323,'wefwef','wefwefwefwf','2019-04-12 15:40:01','2019-04-11 00:00:00',424,277,1,1,1),(326,'wefwef','wefwefwefwf','2019-04-12 15:40:22','2019-04-13 00:00:00',424,277,1,1,1),(331,'wefwef','wefwefwefwf','2019-04-12 15:40:47','2019-04-11 00:00:00',424,277,1,1,1),(332,'wefwef','wefwefwef','2019-04-12 15:45:25','9998-12-31 00:00:00',424,277,1,2,1),(333,'wefwef','wefwefwef','2019-04-12 15:45:27','9998-12-31 00:00:00',424,277,1,2,1),(334,'wefwef','wefwefwef','2019-04-12 15:45:29','9998-12-31 00:00:00',424,277,1,2,1),(349,'wefwef','wefwef','2019-04-13 18:53:53','2019-04-14 00:00:00',413,274,274,1,1),(350,'wefwef','wefwef','2019-04-13 18:54:01','9998-12-31 00:00:00',413,274,274,2,1),(351,'wefwefwefwe','wefwef','2019-04-13 18:54:10','2019-04-14 00:00:00',413,274,273,4,1),(352,'wefwef wefwe','wefwef wefwef ','2019-04-13 18:54:18','2019-04-14 00:00:00',413,274,273,1,1),(353,'wefwef wefwe','wefwef wefwef ','2019-04-13 18:54:29','2019-04-01 00:00:00',413,274,275,1,1),(354,'wefwef wefwe','wefwef wefwef ','2019-04-13 18:54:35','2019-03-31 00:00:00',413,274,273,1,1);
/*!40000 ALTER TABLE `task` ENABLE KEYS */;
UNLOCK TABLES;

--
-- Table structure for table `token`
--

DROP TABLE IF EXISTS `token`;
/*!40101 SET @saved_cs_client     = @@character_set_client */;
 SET character_set_client = utf8mb4 ;
CREATE TABLE `token` (
  `uuid` varchar(130) NOT NULL,
  `user_id` int(11) NOT NULL,
  PRIMARY KEY (`uuid`),
  KEY `users_id_idx` (`user_id`),
  CONSTRAINT `users_id` FOREIGN KEY (`user_id`) REFERENCES `user` (`id_user`)
) ENGINE=InnoDB DEFAULT CHARSET=utf8;
/*!40101 SET character_set_client = @saved_cs_client */;

--
-- Dumping data for table `token`
--

LOCK TABLES `token` WRITE;
/*!40000 ALTER TABLE `token` DISABLE KEYS */;
INSERT INTO `token` VALUES ('003fa5ae-ae4e-4808-84f5-ebc7a2d075cc',1),('01836ef0-def3-4a28-a773-c406b2f79114',1),('055dd6ae-2d46-4955-a6ce-23a599907c44',1),('07198798-9a39-4610-b2b1-3d1ecdc7be39',1),('0f1e6251-553f-479d-96a9-a916b5358934',1),('1588fca6-46d3-43e6-8b8f-6ef28c8bebc6',1),('167b4dba-e253-401d-a680-7787463c5b60',1),('22e30555-1b81-448e-91e4-50c9f0b36bcd',1),('2d65be15-5417-4d91-b000-a5ebd0d345e5',1),('321dca28-e393-4a46-ae33-d496170d19b7',1),('35784698-b37e-4546-b379-17aab2557621',1),('3c4cf81c-8865-4d53-a763-c4ccd4e90fff',1),('41c7a615-bcd2-4213-a9e5-2629569c7fa2',1),('47a8e751-46cb-4657-b098-aea09224f0c5',1),('4d824de2-31ae-4afa-b856-a914254719ad',1),('4d958eaf-ae68-497a-90db-9fd087c51edd',1),('4f5ff313-0918-4192-8340-dfa324b22c0f',1),('4fe11581-fb27-4c72-a08b-042120d9427d',1),('505c1fef-26bc-4244-b325-4c2086ab58ac',1),('58594d65-2168-4d24-a5c0-2b92989d3d0e',1),('5bbab59a-b9f7-4465-9ee3-7a22f5be576e',1),('5c8760c5-357d-4eff-8f5e-ac60b7498cd0',1),('5ef9b5ce-b1f9-479a-95d3-69a89dd9f43d',1),('5f79069b-a987-4684-ba4e-6eb5d4b5d57b',1),('640d4b7a-853a-4483-8e72-de08db0038b8',1),('64ab0415-d3ec-4101-b6a4-064f0afe2c4b',1),('64c06097-8b41-47f6-bcd0-6f5ec7283fef',1),('65242e82-1776-4a38-a90b-db6fe5200a44',1),('68fd20c3-d361-4602-a23d-c55100983693',1),('71dfd05b-e8fb-4fa2-9a8e-75c8ac0fcb7d',1),('761c4c9a-f9a4-4fcb-827e-2e99e8388f73',1),('762c6c7a-91f5-40d9-b818-4915fc7be509',1),('779a2155-b615-4fd1-9f8b-cd7a5c2a798b',1),('77b43582-2244-4fb6-8ef3-31d312f72c1d',1),('7ae99055-2190-4761-bf5f-f1af0c749cd9',1),('7c44c791-d052-49d6-9279-72ecc9a0cede',1),('8438b98f-9b20-4a31-b300-ddad2e135cb6',1),('8c49fdea-c35f-433e-9abc-cf0679d16ead',1),('8d1c9afe-cb7c-4c12-b329-4c5c36142dbe',1),('8ec4f6d9-cbcb-472e-a461-b9c320d43e52',1),('8faddeaa-6220-4899-94c1-f2bbf6b11f3f',1),('91924c2b-ee58-48fe-b2eb-57f1fdc5a18c',1),('930ab52a-1637-47e1-8f2d-26f74d9e3b68',1),('96820d9b-cc78-49a0-8b06-512761463349',1),('9944463c-ed69-48eb-b1b8-c3cd01d3e1c0',1),('a36cac4f-babe-4144-9be6-dc4f225631a9',1),('a3ce91ce-34d1-4415-8716-7e436ca22b0b',1),('a8df3ca9-233d-42ad-b164-bdd13bd39786',1),('a96583aa-70a8-4366-9e30-c798e51e7e7e',1),('b19f2bca-ed4d-42e8-92ef-912019cfd1ac',1),('be1c8a04-786c-44a4-9bdd-31ae388cf432',1),('bed07f3e-f678-403b-9d3d-19d87f37bd21',1),('bfd371d8-4f7c-4fd7-ad07-0c53a8838b09',1),('ce4d10eb-6497-407e-a88b-5312651037e5',1),('d5d88dd3-97c2-4834-b058-ee583e728e41',1),('d94a639f-1445-455c-a260-98ca4cbd02f3',1),('d9647f1d-92d4-416b-88fb-87d1f8f8599e',1),('dfba211c-b8e1-4627-8b0b-6a5fefbd91b0',1),('e1a19b37-20d8-4eb7-92f8-38204d7ad6e3',1),('e6150024-23e9-4575-b58f-59a07b35bcdc',1),('e6e30c1a-e6e0-4ba4-9adf-72d2190b2166',1),('ee1eea19-078f-45c6-bb18-b44dadc0c0d8',1),('f78e33ac-b678-4844-989c-bfe37cfb528b',1),('fc6bc4a3-7d92-458c-bc89-62bd9a8edcdb',1),('192fbe2f-c039-4ac9-a4fd-59dbccc38a81',3),('66c42405-b736-42bf-88b8-38d1e3a3ee2f',3),('b679a075-7250-4878-ba03-c4c92e1d6590',3),('d31ab776-1edb-4919-8ea4-533354e2a5fd',3),('1d78c55c-2cd4-48d7-91e0-4cd64b590005',84),('a2dd150c-4069-485d-afd6-9095a97a3df5',270),('53cbabc1-d238-4679-992d-5d54afb99b6d',271),('708ccc54-75d2-48aa-9389-03356477dbb9',272),('81bd43ab-e016-466d-b7a2-c19bb0202ac0',273),('89b65047-c55e-40c7-8a85-2d2fa0384c04',273),('09c6b560-aaa3-4d91-9ae0-43a8fdc46abe',274),('144bedc7-06d9-4530-a35b-97d4acc15f3d',274),('1a786ffe-a051-4190-8ad9-917d6fb6c513',274),('483225d0-65b3-498a-a0ed-b8dcf7b71ab5',274),('530f1a0b-927e-4174-987b-aef965ecdb40',274),('5a051499-4f16-42ee-883f-2590fcf2f0ce',274),('9d1cc7a6-14fe-4725-a5c9-f1533cec2d7f',274),('babd1ef2-f8fd-4961-a6e4-abcaabeb4a8f',274),('d4ee4271-06fa-4c5f-ac38-ac75b6e6132a',274),('ead1870b-cd9f-439a-8d57-1aeed7079a34',274),('f74e3a0d-6613-4f42-9ede-8cd56a4806c8',274),('81f79449-4303-42db-8a7b-a0ac5a1e053a',275),('2356f071-dc83-4894-83b3-334e45d619f0',276),('51fc1845-95ed-4c62-8c76-79e96a11904f',276),('88a901ef-5cf1-42ea-831b-9e862fd31c94',276),('c976b3cc-5adb-4223-9efa-02ed0fe4fb0a',277);
/*!40000 ALTER TABLE `token` ENABLE KEYS */;
UNLOCK TABLES;

--
-- Table structure for table `user`
--

DROP TABLE IF EXISTS `user`;
/*!40101 SET @saved_cs_client     = @@character_set_client */;
 SET character_set_client = utf8mb4 ;
CREATE TABLE `user` (
  `id_user` int(11) NOT NULL AUTO_INCREMENT,
  `username` varchar(45) NOT NULL,
  `password` varchar(45) NOT NULL,
  `email` varchar(45) NOT NULL,
  `id_app_role` int(11) NOT NULL DEFAULT '1',
  `id_active_user` int(11) DEFAULT NULL,
  PRIMARY KEY (`id_user`),
  KEY `user_role_idx` (`id_app_role`),
  KEY `fk_active_user_idx` (`id_active_user`),
  CONSTRAINT `fk_active_user` FOREIGN KEY (`id_active_user`) REFERENCES `active` (`id_active`) ON DELETE CASCADE ON UPDATE CASCADE,
  CONSTRAINT `fk_user_role` FOREIGN KEY (`id_app_role`) REFERENCES `app_roles` (`id_app_role`)
) ENGINE=InnoDB AUTO_INCREMENT=278 DEFAULT CHARSET=utf8;
/*!40101 SET character_set_client = @saved_cs_client */;

--
-- Dumping data for table `user`
--

LOCK TABLES `user` WRITE;
/*!40000 ALTER TABLE `user` DISABLE KEYS */;
INSERT INTO `user` VALUES (1,'god','god','god@gmail.com',2,NULL),(2,'ADAM','45944','adam@yahoo.com',1,NULL),(3,'Kobe','61966','al@outlook.com',1,NULL),(4,'ALAN','10478','alan@gmail.com',1,NULL),(5,'ALBERT','19887','albert@outlook.com',1,NULL),(6,'ALEC','26097','alec@gmail.com',1,NULL),(7,'ANGELA','56420','angela@gmail.com',1,NULL),(8,'ANGELINA','13406','angelina@gmail.com',1,NULL),(9,'ANNE','54144','anne@gmail.com',1,NULL),(10,'AUDREY','76377','audrey@yahoo.com',1,NULL),(11,'BELA','99824','bela@yahoo.com',1,NULL),(12,'BEN','34747','ben@yahoo.com',1,NULL),(13,'BETTE','46920','bette@outlook.com',1,NULL),(14,'BOB','42350','bob@gmail.com',1,NULL),(15,'BURT','23379','burt@outlook.com',1,NULL),(16,'CAMERON','45356','cameron@gmail.com',1,NULL),(17,'CARMEN','65096','carmen@gmail.com',1,NULL),(18,'CARY','21486','cary@outlook.com',1,NULL),(19,'CATE','23753','cate@outlook.com',1,NULL),(20,'CHARLIZE','11223','charlize@yahoo.com',1,NULL),(21,'CHRIS','38508','chris@gmail.com',1,NULL),(22,'CHRISTIAN','86252','christian@gmail.com',1,NULL),(23,'CHRISTOPHER','78600','christopher@gmail.com',1,NULL),(24,'CUBA','27019','cuba@outlook.com',1,NULL),(25,'DAN','21667','dan@yahoo.com',1,NULL),(26,'DARYL','85194','daryl@outlook.com',1,NULL),(27,'DEBBIE','60742','debbie@yahoo.com',1,NULL),(28,'DUSTIN','37980','dustin@outlook.com',1,NULL),(29,'ED','75025','ed@gmail.com',1,NULL),(30,'ELLEN','76237','ellen@yahoo.com',1,NULL),(31,'ELVIS','43646','elvis@gmail.com',1,NULL),(32,'EMILY','42130','emily@yahoo.com',1,NULL),(33,'EWAN','87410','ewan@yahoo.com',1,NULL),(34,'FAY','64880','fay@outlook.com',1,NULL),(35,'FRANCES','61814','frances@gmail.com',1,NULL),(36,'FRED','71039','fred@outlook.com',1,NULL),(37,'GARY','22351','gary@outlook.com',1,NULL),(38,'GENE','68242','gene@gmail.com',1,NULL),(39,'GEOFFREY','85443','geoffrey@gmail.com',1,NULL),(40,'GINA','86643','gina@outlook.com',1,NULL),(41,'GOLDIE','64118','goldie@outlook.com',1,NULL),(42,'GRACE','93911','grace@yahoo.com',1,NULL),(43,'GREG','46467','greg@gmail.com',1,NULL),(44,'GREGORY','48956','gregory@gmail.com',1,NULL),(45,'GRETA','62276','greta@outlook.com',1,NULL),(46,'GROUCHO','38092','groucho@gmail.com',1,NULL),(47,'HARRISON','15900','harrison@outlook.com',1,NULL),(48,'HARVEY','31163','harvey@gmail.com',1,NULL),(49,'HELEN','92957','helen@yahoo.com',1,NULL),(50,'HENRY','16992','henry@gmail.com',1,NULL),(51,'HUMPHREY','38859','humphrey@gmail.com',1,NULL),(52,'IAN','65657','ian@gmail.com',1,NULL),(53,'JADA','81948','jada@gmail.com',1,NULL),(54,'JAMES','70599','james@gmail.com',1,NULL),(55,'JANE','37142','jane@outlook.com',1,NULL),(56,'JAYNE','16529','jayne@outlook.com',1,NULL),(57,'JEFF','42024','jeff@gmail.com',1,NULL),(58,'JENNIFER','89559','jennifer@outlook.com',1,NULL),(59,'JESSICA','19769','jessica@yahoo.com',1,NULL),(60,'JIM','34340','jim@gmail.com',1,NULL),(61,'JODIE','43884','jodie@outlook.com',1,NULL),(62,'JOE','94447','joe@outlook.com',1,NULL),(63,'JOHN','13409','john@yahoo.com',1,NULL),(64,'JOHNNY','31749','johnny@gmail.com',1,NULL),(65,'JON','81176','jon@outlook.com',1,NULL),(66,'JUDE','58885','jude@yahoo.com',1,NULL),(67,'JUDY','30448','judy@outlook.com',1,NULL),(68,'JULIA','73266','julia@yahoo.com',1,NULL),(69,'JULIANNE','28771','julianne@yahoo.com',1,NULL),(70,'KARL','21947','karl@yahoo.com',1,NULL),(71,'KENNETH','14942','kenneth@gmail.com',1,NULL),(72,'KEVIN','76395','kevin@outlook.com',1,NULL),(73,'KIM','33054','kim@outlook.com',1,NULL),(74,'KIRK','55566','kirk@yahoo.com',1,NULL),(75,'KIRSTEN','84721','kirsten@yahoo.com',1,NULL),(76,'LAURA','47756','laura@outlook.com',1,NULL),(77,'LAURENCE','26695','laurence@outlook.com',1,NULL),(78,'LISA','97596','lisa@gmail.com',1,NULL),(79,'LIZA','25485','liza@yahoo.com',1,NULL),(80,'LUCILLE','91077','lucille@outlook.com',1,NULL),(81,'MAE','68186','mae@gmail.com',1,NULL),(82,'MARY','41607','mary@outlook.com',1,NULL),(83,'MATTHEW','57814','matthew@yahoo.com',1,NULL),(84,'MEG','69675','meg@outlook.com',1,NULL),(85,'MENA','83970','mena@gmail.com',1,NULL),(86,'MERYL','68869','meryl@outlook.com',1,NULL),(87,'MICHAEL','76597','michael@yahoo.com',1,NULL),(88,'MICHELLE','56974','michelle@outlook.com',1,NULL),(89,'MILLA','56124','milla@gmail.com',1,NULL),(90,'MINNIE','30173','minnie@yahoo.com',1,NULL),(91,'MORGAN','30012','morgan@yahoo.com',1,NULL),(92,'NATALIE','50632','natalie@yahoo.com',1,NULL),(93,'NICK','27847','nick@yahoo.com',1,NULL),(94,'OLYMPIA','10327','olympia@yahoo.com',1,NULL),(95,'OPRAH','89231','oprah@yahoo.com',1,NULL),(96,'PARKER','21681','parker@gmail.com',1,NULL),(97,'PENELOPE','18077','penelope@yahoo.com',1,NULL),(98,'RALPH','43923','ralph@gmail.com',1,NULL),(99,'RAY','57840','ray@gmail.com',1,NULL),(100,'REESE','85166','reese@yahoo.com',1,NULL),(101,'RENEE','47211','renee@outlook.com',1,NULL),(102,'RICHARD','20953','richard@yahoo.com',1,NULL),(103,'RIP','66782','rip@outlook.com',1,NULL),(104,'RITA','62801','rita@yahoo.com',1,NULL),(105,'RIVER','61326','river@gmail.com',1,NULL),(106,'ROCK','37370','rock@yahoo.com',1,NULL),(107,'RUSSELL','87522','russell@outlook.com',1,NULL),(108,'SALMA','38304','salma@outlook.com',1,NULL),(109,'SANDRA','45716','sandra@gmail.com',1,NULL),(110,'SCARLETT','77239','scarlett@gmail.com',1,NULL),(111,'SEAN','70326','sean@gmail.com',1,NULL),(112,'SIDNEY','87910','sidney@gmail.com',1,NULL),(113,'SISSY','76433','sissy@gmail.com',1,NULL),(114,'SPENCER','19720','spencer@gmail.com',1,NULL),(115,'SUSAN','90870','susan@outlook.com',1,NULL),(116,'SYLVESTER','19415','sylvester@gmail.com',1,NULL),(117,'THORA','87662','thora@yahoo.com',1,NULL),(118,'TIM','73336','tim@gmail.com',1,NULL),(119,'TOM','54679','tom@gmail.com',1,NULL),(120,'UMA','65989','uma@yahoo.com',1,NULL),(121,'VAL','18815','val@yahoo.com',1,NULL),(122,'VIVIEN','24592','vivien@outlook.com',1,NULL),(123,'WALTER','73630','walter@gmail.com',1,NULL),(124,'WARREN','24179','warren@outlook.com',1,NULL),(125,'WHOOPI','49392','whoopi@gmail.com',1,NULL),(126,'WILL','94208','will@outlook.com',1,NULL),(127,'WILLIAM','34922','william@outlook.com',1,NULL),(128,'WOODY','53852','woody@yahoo.com',1,NULL),(129,'ZERO','19676','zero@outlook.com',1,NULL),(266,'paul','123','paul@outlook.com',1,NULL),(267,'user','user','email.com',1,NULL),(268,'aaaa','aaaa','ASEF@setewt',1,NULL),(269,'user1111','user','email.com',1,NULL),(270,'user1112','user','email.com',1,NULL),(271,'user1213','1','1213@1213',1,NULL),(272,'user1111111','ok','11@sefwfe',1,NULL),(273,'nikola','kUqEvS2Sj2NnqzWtdE9N5Q==','jokic@denver.com',1,NULL),(274,'Jenny','2KSIuPLJFNsZip0TxbYfFw==','jenny@yahoo.com',1,NULL),(275,'Harry','skdT9lwHtrYCh9Pa/3fdWg==','harry@gmail.com',1,NULL),(276,'George','xvJEMYNFbV9kafqcd9W38Q==','george@email.com',1,NULL),(277,'corey','GNnDQicjolbKynOs5PvEjA==','corey@taylor.com',1,NULL);
/*!40000 ALTER TABLE `user` ENABLE KEYS */;
UNLOCK TABLES;

--
-- Table structure for table `user_group`
--

DROP TABLE IF EXISTS `user_group`;
/*!40101 SET @saved_cs_client     = @@character_set_client */;
 SET character_set_client = utf8mb4 ;
CREATE TABLE `user_group` (
  `id_user` int(11) NOT NULL,
  `id_group` int(11) NOT NULL,
  PRIMARY KEY (`id_user`,`id_group`),
  KEY `groupusers_idx` (`id_user`),
  KEY `groups_idx` (`id_group`),
  CONSTRAINT `fk_group_creator` FOREIGN KEY (`id_group`) REFERENCES `groupn` (`id_group`) ON DELETE CASCADE ON UPDATE CASCADE,
  CONSTRAINT `fk_users` FOREIGN KEY (`id_user`) REFERENCES `user` (`id_user`) ON DELETE CASCADE ON UPDATE CASCADE
) ENGINE=InnoDB DEFAULT CHARSET=utf8;
/*!40101 SET character_set_client = @saved_cs_client */;

--
-- Dumping data for table `user_group`
--

LOCK TABLES `user_group` WRITE;
/*!40000 ALTER TABLE `user_group` DISABLE KEYS */;
INSERT INTO `user_group` VALUES (1,2),(1,20),(1,100),(1,178),(1,259),(1,364),(1,403),(1,407),(1,409),(1,410),(1,412),(1,424),(2,20),(2,62),(2,100),(2,216),(2,231),(2,259),(3,20),(3,28),(3,29),(3,222),(3,250),(4,52),(4,80),(4,99),(4,146),(4,253),(4,265),(4,304),(4,342),(5,57),(5,82),(5,143),(5,260),(5,266),(5,299),(5,312),(6,1),(6,185),(6,221),(7,74),(7,189),(7,254),(7,290),(7,319),(7,384),(8,5),(8,12),(8,178),(8,183),(8,244),(8,351),(9,125),(9,152),(9,180),(9,273),(10,239),(10,284),(10,313),(10,332),(11,35),(11,166),(11,181),(11,346),(12,70),(12,85),(12,109),(12,255),(13,22),(13,256),(13,259),(13,360),(14,21),(14,156),(14,238),(14,285),(14,370),(15,186),(16,108),(16,142),(16,155),(16,156),(16,304),(16,350),(17,13),(17,42),(17,68),(17,72),(17,117),(17,272),(17,278),(17,338),(18,69),(18,205),(18,304),(18,358),(19,52),(19,86),(19,217),(19,327),(19,359),(20,59),(20,136),(20,158),(21,92),(21,276),(21,305),(21,356),(22,80),(22,193),(22,291),(23,50),(23,87),(23,130),(23,142),(23,301),(23,308),(23,312),(23,336),(23,378),(24,43),(24,62),(24,299),(24,328),(25,33),(25,149),(25,245),(26,10),(26,133),(27,228),(27,236),(28,84),(28,227),(28,300),(29,68),(29,110),(29,179),(29,256),(29,304),(29,346),(29,348),(29,379),(30,189),(30,245),(30,314),(30,331),(31,144),(31,241),(31,290),(31,299),(32,14),(32,112),(32,159),(32,237),(32,245),(32,278),(32,302),(32,328),(32,377),(33,108),(33,115),(33,149),(33,197),(33,296),(33,326),(34,15),(34,108),(34,291),(35,54),(35,58),(35,180),(35,301),(35,373),(36,54),(36,194),(36,216),(36,230),(36,329),(37,162),(37,220),(38,7),(38,122),(38,130),(38,246),(38,283),(38,365),(38,379),(39,232),(39,268),(39,359),(39,375),(40,53),(40,63),(40,67),(40,245),(40,266),(40,288),(40,357),(41,19),(41,61),(41,132),(41,229),(41,263),(41,376),(42,5),(42,136),(42,146),(42,223),(42,227),(42,270),(42,285),(43,153),(43,177),(43,325),(43,337),(44,7),(44,93),(44,102),(44,207),(44,240),(44,303),(44,350),(45,83),(45,297),(45,331),(46,6),(46,29),(46,70),(46,122),(46,163),(46,312),(47,150),(47,209),(47,215),(47,234),(47,310),(47,335),(48,18),(48,72),(48,106),(48,125),(48,210),(48,230),(48,295),(48,326),(49,370),(50,6),(50,202),(50,211),(50,307),(51,97),(51,128),(51,141),(51,224),(52,32),(52,176),(52,261),(52,283),(52,309),(52,315),(53,113),(53,167),(53,178),(53,258),(54,223),(55,146),(55,188),(56,89),(56,310),(56,382),(56,383),(57,30),(57,62),(57,80),(57,245),(57,305),(58,40),(58,85),(58,270),(58,355),(59,32),(60,153),(60,168),(60,180),(60,204),(60,350),(61,186),(62,52),(62,91),(62,113),(62,168),(62,188),(62,197),(62,299),(62,349),(62,377),(63,48),(63,68),(63,107),(63,211),(63,261),(63,267),(63,303),(64,5),(64,261),(64,291),(64,309),(65,55),(65,253),(65,312),(65,357),(66,57),(66,262),(66,270),(66,307),(66,326),(66,369),(67,70),(67,101),(67,178),(67,313),(67,338),(67,355),(67,357),(68,41),(68,71),(68,145),(68,170),(68,208),(68,291),(68,295),(68,321),(68,381),(68,382),(69,83),(69,205),(69,210),(69,221),(69,253),(69,338),(70,105),(70,111),(70,133),(70,176),(70,370),(70,378),(71,44),(71,46),(72,23),(72,61),(72,126),(72,213),(72,302),(72,351),(73,45),(73,145),(74,3),(74,104),(74,138),(74,173),(74,212),(74,225),(74,305),(74,309),(75,179),(76,14),(76,35),(76,91),(76,194),(76,297),(77,43),(77,151),(77,350),(78,86),(78,166),(78,174),(78,199),(78,203),(78,245),(78,327),(78,382),(79,29),(79,194),(79,284),(79,319),(79,328),(79,331),(79,338),(80,143),(80,164),(80,363),(80,369),(81,52),(81,62),(81,87),(81,254),(81,355),(81,356),(82,196),(82,339),(82,350),(83,25),(83,41),(83,109),(83,161),(83,166),(83,206),(83,352),(83,378),(84,20),(84,208),(84,209),(84,357),(85,17),(85,178),(85,193),(85,217),(85,258),(85,360),(85,365),(86,190),(86,203),(86,222),(87,21),(87,382),(88,10),(88,15),(88,71),(88,87),(88,140),(88,265),(89,16),(89,120),(89,168),(89,179),(89,215),(89,378),(90,8),(90,72),(90,196),(91,72),(91,144),(91,261),(91,264),(91,271),(91,317),(91,334),(91,370),(92,142),(92,353),(92,362),(93,196),(93,303),(93,380),(94,19),(94,25),(94,67),(94,243),(95,33),(95,155),(95,222),(95,286),(95,313),(95,345),(96,33),(96,132),(96,133),(96,137),(96,201),(96,205),(96,306),(96,336),(96,340),(97,260),(97,307),(97,319),(97,331),(98,40),(98,137),(98,316),(99,225),(99,254),(99,297),(99,320),(101,87),(101,122),(101,279),(102,27),(102,44),(102,117),(102,171),(102,182),(102,211),(103,130),(103,246),(103,290),(104,7),(104,148),(104,207),(104,348),(105,35),(105,127),(105,281),(106,70),(106,167),(106,196),(106,202),(106,210),(106,280),(106,311),(106,321),(107,62),(107,120),(107,175),(107,194),(107,201),(107,277),(108,309),(108,337),(108,345),(109,38),(109,200),(109,255),(110,124),(110,132),(110,226),(110,381),(111,4),(111,9),(111,67),(111,310),(111,335),(112,14),(112,77),(112,254),(113,37),(113,68),(113,99),(113,135),(113,231),(113,326),(114,50),(114,52),(114,278),(115,179),(115,189),(115,191),(115,229),(116,19),(116,113),(116,172),(116,236),(116,340),(117,222),(118,91),(118,111),(118,131),(118,132),(118,234),(118,235),(118,273),(119,176),(119,249),(119,271),(119,286),(119,336),(121,6),(121,58),(121,106),(121,223),(121,344),(122,74),(122,86),(122,105),(122,363),(123,184),(123,273),(124,17),(124,26),(124,95),(124,197),(124,242),(124,251),(124,289),(125,65),(125,157),(125,177),(125,219),(125,220),(125,227),(125,300),(125,331),(125,380),(126,2),(126,40),(126,84),(126,358),(127,146),(127,174),(127,211),(128,183),(128,209),(128,235),(128,269),(128,271),(129,116),(129,320),(129,323),(129,325),(273,413),(274,413),(274,414),(274,415),(274,416),(274,417),(275,413),(275,418),(275,419),(275,420),(276,421),(276,422),(277,424);
/*!40000 ALTER TABLE `user_group` ENABLE KEYS */;
UNLOCK TABLES;

--
-- Dumping routines for database 'deadnotes_two'
--
/*!40103 SET TIME_ZONE=@OLD_TIME_ZONE */;

/*!40101 SET SQL_MODE=@OLD_SQL_MODE */;
/*!40014 SET FOREIGN_KEY_CHECKS=@OLD_FOREIGN_KEY_CHECKS */;
/*!40014 SET UNIQUE_CHECKS=@OLD_UNIQUE_CHECKS */;
/*!40101 SET CHARACTER_SET_CLIENT=@OLD_CHARACTER_SET_CLIENT */;
/*!40101 SET CHARACTER_SET_RESULTS=@OLD_CHARACTER_SET_RESULTS */;
/*!40101 SET COLLATION_CONNECTION=@OLD_COLLATION_CONNECTION */;
/*!40111 SET SQL_NOTES=@OLD_SQL_NOTES */;

-- Dump completed on 2019-04-13 18:59:30
